{
  "rounds": 2,
  "verifier_calls": 2,
  "router_decisions": [
    "add_step"
  ],
  "information_theory": {
    "initial_belief": 0.5,
    "final_belief": 0.7899999999999999,
    "belief_trajectory": [
      0.5,
      0.3,
      0.7899999999999999
    ],
    "initial_entropy_bits": 1.0,
    "final_entropy_bits": 0.7414827399312738,
    "entropy_reduction_bits": 0.2585172600687262,
    "eig_trajectory": [
      0.3568015214420218,
      0.3568015214420218,
      0.178468182634421
    ],
    "total_eig_bits": 0.8920712255184646,
    "avg_eig_per_event_bits": 0.29735707517282156,
    "events_fired": 3
  },
  "stopping_analysis": {
    "stopped_due_to": "plan_sufficient_agreement",
    "final_eig": 0.178468182634421,
    "final_belief": 0.7899999999999999,
    "tau_threshold": 0.01,
    "kappa_threshold": 0.9
  },
  "temperature_adaptation": {
    "base_temperature": 0.1,
    "final_temperature": 0.1,
    "temperature_trajectory": [
      0.1,
      0.15000000000000002,
      0.1
    ],
    "total_increases": 1,
    "max_temperature_reached": 0.15000000000000002
  }
}