{
  "rounds": 3,
  "verifier_calls": 2,
  "router_decisions": [
    "add_step",
    "fix_1"
  ],
  "information_theory": {
    "initial_belief": 0.5,
    "final_belief": 0.745,
    "belief_trajectory": [
      0.5,
      0.3,
      0.15,
      0.745
    ],
    "initial_entropy_bits": 1.0,
    "final_entropy_bits": 0.819107179827683,
    "entropy_reduction_bits": 0.180892820172317,
    "eig_trajectory": [
      0.3568015214420218,
      0.3568015214420218,
      0.178468182634421,
      0.04851650214006664
    ],
    "total_eig_bits": 0.9405877276585313,
    "avg_eig_per_event_bits": 0.23514693191463282,
    "events_fired": 4
  },
  "stopping_analysis": {
    "stopped_due_to": "plan_sufficient_agreement",
    "final_eig": 0.04851650214006664,
    "final_belief": 0.745,
    "tau_threshold": 0.01,
    "kappa_threshold": 0.9
  },
  "temperature_adaptation": {
    "base_temperature": 0.1,
    "final_temperature": 0.1,
    "temperature_trajectory": [
      0.1,
      0.15000000000000002,
      0.25,
      0.1
    ],
    "total_increases": 2,
    "max_temperature_reached": 0.25
  }
}