{
  "rounds": 4,
  "verifier_calls": 4,
  "router_decisions": [
    "add_step",
    "fix_2",
    "fix_2"
  ],
  "information_theory": {
    "initial_belief": 0.5,
    "final_belief": 0.7959999999999999,
    "belief_trajectory": [
      0.5,
      0.3,
      0.25,
      0.6699999999999999,
      0.7959999999999999
    ],
    "initial_entropy_bits": 1.0,
    "final_entropy_bits": 0.7298563169471576,
    "entropy_reduction_bits": 0.2701436830528424,
    "eig_trajectory": [
      0.3568015214420218,
      0.3568015214420218,
      0.178468182634421,
      0.1312202918357942,
      0.42111470849472676
    ],
    "total_eig_bits": 1.4444062258489856,
    "avg_eig_per_event_bits": 0.28888124516979713,
    "events_fired": 5
  },
  "stopping_analysis": {
    "stopped_due_to": "plan_sufficient_agreement",
    "final_eig": 0.42111470849472676,
    "final_belief": 0.7959999999999999,
    "tau_threshold": 0.01,
    "kappa_threshold": 0.9
  },
  "temperature_adaptation": {
    "base_temperature": 0.1,
    "final_temperature": 0.1,
    "temperature_trajectory": [
      0.1,
      0.15000000000000002,
      0.25,
      0.35,
      0.1
    ],
    "total_increases": 3,
    "max_temperature_reached": 0.35
  }
}