{
  "rounds": 2,
  "verifier_calls": 1,
  "router_decisions": [
    "fix_1"
  ],
  "information_theory": {
    "initial_belief": 0.5,
    "final_belief": 0.7749999999999999,
    "belief_trajectory": [
      0.5,
      0.25,
      0.7749999999999999
    ],
    "initial_entropy_bits": 1.0,
    "final_entropy_bits": 0.7691928290130139,
    "entropy_reduction_bits": 0.2308071709869861,
    "eig_trajectory": [
      0.3568015214420218,
      0.3568015214420218,
      0.1312202918357942
    ],
    "total_eig_bits": 0.8448233347198378,
    "avg_eig_per_event_bits": 0.2816077782399459,
    "events_fired": 3
  },
  "stopping_analysis": {
    "stopped_due_to": "plan_sufficient_agreement",
    "final_eig": 0.1312202918357942,
    "final_belief": 0.7749999999999999,
    "tau_threshold": 0.01,
    "kappa_threshold": 0.9
  },
  "temperature_adaptation": {
    "base_temperature": 0.1,
    "final_temperature": 0.1,
    "temperature_trajectory": [
      0.1,
      0.2,
      0.1
    ],
    "total_increases": 1,
    "max_temperature_reached": 0.2
  }
}